{
    "Player": {
        "Speed": 10.0,
        "armFreqSpd": 1.5707963705062866,
        "attackSpd": 1.5707963705062866,
        "cmaeraRotateSpd_": 3.1415927410125732,
        "dashCoolTime_": 500,
        "dashScale_": 10.0,
        "freqSpd": 3.1415927410125732
    }
}
